"File","LineNumber","Line","Context"
"page.tsx","193","const getDrawerExpectedCash = (drawer: any) =>","    drawer.cashier || |     drawer.employee_name || |     drawer.opened_by || |     """"; |  |   const getDrawerExpectedCash = (drawer: any) => |     Number(drawer.expected_cash ?? drawer.expected_amount ?? 0); |  |   const getDrawerActualCash = (drawer: any) => |     Number(drawer.actual_cash ?? drawer.actual_amount ?? 0); |  |   const getDrawerVariance = (drawer: any) => { |     const saved = drawer.variance ?? drawer.cash_variance ?? drawer.difference; |  |     if (saved !== undefined && saved !== null) { |       return Number(saved || 0); |     } |  |     return getDrawerActualCash(drawer) - getDrawerExpectedCash(drawer); |   }; |  |   const getHealthStatus = (score: number): HealthStatus => { |     if (score >= 95) return ""Healthy""; |     if (score >= 80) return ""Warning""; |     return ""Critical""; |   }; |  |   /// CALCULATIONS |   const duplicateEmployees = useMemo(() => { |     const map: Record<string, any[]> = {}; | "
"page.tsx","206","return getDrawerActualCash(drawer) - getDrawerExpectedCash(drawer);"," |     if (saved !== undefined && saved !== null) { |       return Number(saved || 0); |     } |  |     return getDrawerActualCash(drawer) - getDrawerExpectedCash(drawer); |   }; |  |   const getHealthStatus = (score: number): HealthStatus => { |     if (score >= 95) return ""Healthy""; |     if (score >= 80) return ""Warning""; |     return ""Critical""; |   }; |  |   /// CALCULATIONS |   const duplicateEmployees = useMemo(() => { |     const map: Record<string, any[]> = {}; |  |     employees.forEach((employee) => { |       const name = getFullName(employee).toLowerCase().trim(); |  |       if (!name || name === ""unnamed employee"") return; |  |       if (!map[name]) map[name] = []; |       map[name].push(employee); |     }); |  |     return Object.values(map) |       .filter((group) => group.length > 1) |       .flat(); |   }, [employees]);"
"page.tsx","21","import { calculateDrawerLedgerSummary } from ""@/lib/finance/cash-ledger"";","import Sidebar from ""@/components/Sidebar""; | import TopNavbar from ""@/components/TopNavbar""; | import PageGuard from ""@/components/PageGuard""; | import { supabase } from ""@/lib/supabase""; | import { createAuditLog } from ""@/lib/audit""; | import { calculateDrawerLedgerSummary } from ""@/lib/finance/cash-ledger""; | import { |   buildMovementOriginId, |   createCashMovement, |   updateCashMovement, |   voidCashMovement, | } from ""@/lib/finance/cash-actions""; |  | type Tone = ""critical"" | ""warning"" | ""info"" | ""success"" | ""neutral""; |  | type AssistantReminder = { |   tone?: Tone; |   text: string; | }; |  | const statusClass = (tone: Tone = ""neutral"") => { |   if (tone === ""critical"") return ""border-red-200 bg-red-50 text-red-700""; |   if (tone === ""warning"") return ""border-amber-200 bg-amber-50 text-amber-700""; |   if (tone === ""info"") return ""border-blue-200 bg-blue-50 text-blue-700""; |   if (tone === ""success"") return ""border-emerald-200 bg-emerald-50 text-emerald-700""; |   return ""border-slate-200 bg-slate-100 text-slate-700""; | }; |  | function OpscoreAssistant({ reminders = [] }: { reminders: AssistantReminder[] }) { |   const prioritized = [...reminders] |     .sort((a, b) => {"
"page.tsx","314","const drawerLedgerSummary = useMemo(","    Boolean(movement?.voided_at) || |     Boolean(movement?.void_reason); |  |   const activeDrawer = drawers.find((drawer) => String(drawer.status || """").toUpperCase() === ""OPEN""); |  |   const drawerLedgerSummary = useMemo( |     () => calculateDrawerLedgerSummary(activeDrawer?.id, movements), |     [activeDrawer?.id, movements], |   ); |  |   const isCurrentDrawerMovement = (item: any) => |     Boolean(activeDrawer?.id) && |     String(item.cash_cash_drawer_id || """") === String(activeDrawer.id || """"); |  |   const normalizeName = (value: any) => |     String(value || """") |       .trim() |       .replace(/\s+/g, "" "") |       .toLowerCase(); |  |   const activeDrawerHolderName = String(activeDrawer?.holder_name || """").trim(); |   const currentActorName = String(currentEmployeeName || """").trim(); |   const currentRoleText = String(currentRoleName || """").trim(); |  |   const normalizedCurrentRole = normalizeName(currentRoleText).replace(/[_-]+/g, "" ""); |   const compactCurrentRole = normalizedCurrentRole.replace(/\s+/g, """"); |   const currentIdentityText = normalizeName( |     [ |       currentActorName, |       currentRoleText, |       currentLoginIdentifier,"
"page.tsx","315","() => calculateDrawerLedgerSummary(activeDrawer?.id, movements),","    Boolean(movement?.void_reason); |  |   const activeDrawer = drawers.find((drawer) => String(drawer.status || """").toUpperCase() === ""OPEN""); |  |   const drawerLedgerSummary = useMemo( |     () => calculateDrawerLedgerSummary(activeDrawer?.id, movements), |     [activeDrawer?.id, movements], |   ); |  |   const isCurrentDrawerMovement = (item: any) => |     Boolean(activeDrawer?.id) && |     String(item.cash_cash_drawer_id || """") === String(activeDrawer.id || """"); |  |   const normalizeName = (value: any) => |     String(value || """") |       .trim() |       .replace(/\s+/g, "" "") |       .toLowerCase(); |  |   const activeDrawerHolderName = String(activeDrawer?.holder_name || """").trim(); |   const currentActorName = String(currentEmployeeName || """").trim(); |   const currentRoleText = String(currentRoleName || """").trim(); |  |   const normalizedCurrentRole = normalizeName(currentRoleText).replace(/[_-]+/g, "" ""); |   const compactCurrentRole = normalizedCurrentRole.replace(/\s+/g, """"); |   const currentIdentityText = normalizeName( |     [ |       currentActorName, |       currentRoleText, |       currentLoginIdentifier, |     ].join("" ""),"
"page.tsx","530","const cashOnlyMovements = drawerLedgerSummary.movements.filter(","  const shouldRequireDrawerForSave = |     isCashOutMovement |       ? cashOutPaymentRequiresDrawer || cashOutPaymentDeductsFromCashFlow |       : paymentDeductsFromCashFlow; |  |   const cashOnlyMovements = drawerLedgerSummary.movements.filter( |     (item) => normalizeName(item.payment_type || ""Cash"") === ""cash"", |   ); |  |   const currentDrawerNonCashMovements = drawerLedgerSummary.movements.filter((item) => |     [""gcash"", ""bank"", ""terminal""].includes(normalizeName(item.payment_type || """")), |   ); |  |   const openingFloatTotal = drawerLedgerSummary.openingFloat; |   const cashInMovementTotal = drawerLedgerSummary.cashIn; |  |   const cashInTotal = |     drawerLedgerSummary.openingFloat + |     drawerLedgerSummary.cashIn + |     drawerLedgerSummary.turnoverIn; |  |   const cashOutTotal = drawerLedgerSummary.cashOut; |   const remittanceTotal = drawerLedgerSummary.remittance; |   const turnoverTotal = drawerLedgerSummary.turnoverOut; |   const cashOnHand = drawerLedgerSummary.expectedCash; |  |   const gcashTotal = drawerLedgerSummary.gcash; |   const bankTotal = drawerLedgerSummary.bank; |   const terminalTotal = drawerLedgerSummary.terminal; |   const onlineBankingTotal = drawerLedgerSummary.onlineBanking; | "
"page.tsx","534","const currentDrawerNonCashMovements = drawerLedgerSummary.movements.filter((item) =>"," |   const cashOnlyMovements = drawerLedgerSummary.movements.filter( |     (item) => normalizeName(item.payment_type || ""Cash"") === ""cash"", |   ); |  |   const currentDrawerNonCashMovements = drawerLedgerSummary.movements.filter((item) => |     [""gcash"", ""bank"", ""terminal""].includes(normalizeName(item.payment_type || """")), |   ); |  |   const openingFloatTotal = drawerLedgerSummary.openingFloat; |   const cashInMovementTotal = drawerLedgerSummary.cashIn; |  |   const cashInTotal = |     drawerLedgerSummary.openingFloat + |     drawerLedgerSummary.cashIn + |     drawerLedgerSummary.turnoverIn; |  |   const cashOutTotal = drawerLedgerSummary.cashOut; |   const remittanceTotal = drawerLedgerSummary.remittance; |   const turnoverTotal = drawerLedgerSummary.turnoverOut; |   const cashOnHand = drawerLedgerSummary.expectedCash; |  |   const gcashTotal = drawerLedgerSummary.gcash; |   const bankTotal = drawerLedgerSummary.bank; |   const terminalTotal = drawerLedgerSummary.terminal; |   const onlineBankingTotal = drawerLedgerSummary.onlineBanking; |  |   const actualClosingCashValue = actualClosingCash === """" ? NaN : parseAmountValue(actualClosingCash); |   const closingCashVariance = Number.isFinite(actualClosingCashValue) |     ? actualClosingCashValue - cashOnHand |     : 0;"
"page.tsx","538","const openingFloatTotal = drawerLedgerSummary.openingFloat;"," |   const currentDrawerNonCashMovements = drawerLedgerSummary.movements.filter((item) => |     [""gcash"", ""bank"", ""terminal""].includes(normalizeName(item.payment_type || """")), |   ); |  |   const openingFloatTotal = drawerLedgerSummary.openingFloat; |   const cashInMovementTotal = drawerLedgerSummary.cashIn; |  |   const cashInTotal = |     drawerLedgerSummary.openingFloat + |     drawerLedgerSummary.cashIn + |     drawerLedgerSummary.turnoverIn; |  |   const cashOutTotal = drawerLedgerSummary.cashOut; |   const remittanceTotal = drawerLedgerSummary.remittance; |   const turnoverTotal = drawerLedgerSummary.turnoverOut; |   const cashOnHand = drawerLedgerSummary.expectedCash; |  |   const gcashTotal = drawerLedgerSummary.gcash; |   const bankTotal = drawerLedgerSummary.bank; |   const terminalTotal = drawerLedgerSummary.terminal; |   const onlineBankingTotal = drawerLedgerSummary.onlineBanking; |  |   const actualClosingCashValue = actualClosingCash === """" ? NaN : parseAmountValue(actualClosingCash); |   const closingCashVariance = Number.isFinite(actualClosingCashValue) |     ? actualClosingCashValue - cashOnHand |     : 0; |   const hasClosingCashVariance = Number.isFinite(actualClosingCashValue) |     ? Math.abs(closingCashVariance) > 0.009 |     : false; |   const closeDrawerRequiresOverrideReason ="
"page.tsx","539","const cashInMovementTotal = drawerLedgerSummary.cashIn;","  const currentDrawerNonCashMovements = drawerLedgerSummary.movements.filter((item) => |     [""gcash"", ""bank"", ""terminal""].includes(normalizeName(item.payment_type || """")), |   ); |  |   const openingFloatTotal = drawerLedgerSummary.openingFloat; |   const cashInMovementTotal = drawerLedgerSummary.cashIn; |  |   const cashInTotal = |     drawerLedgerSummary.openingFloat + |     drawerLedgerSummary.cashIn + |     drawerLedgerSummary.turnoverIn; |  |   const cashOutTotal = drawerLedgerSummary.cashOut; |   const remittanceTotal = drawerLedgerSummary.remittance; |   const turnoverTotal = drawerLedgerSummary.turnoverOut; |   const cashOnHand = drawerLedgerSummary.expectedCash; |  |   const gcashTotal = drawerLedgerSummary.gcash; |   const bankTotal = drawerLedgerSummary.bank; |   const terminalTotal = drawerLedgerSummary.terminal; |   const onlineBankingTotal = drawerLedgerSummary.onlineBanking; |  |   const actualClosingCashValue = actualClosingCash === """" ? NaN : parseAmountValue(actualClosingCash); |   const closingCashVariance = Number.isFinite(actualClosingCashValue) |     ? actualClosingCashValue - cashOnHand |     : 0; |   const hasClosingCashVariance = Number.isFinite(actualClosingCashValue) |     ? Math.abs(closingCashVariance) > 0.009 |     : false; |   const closeDrawerRequiresOverrideReason = |     drawerMismatchLocked || hasClosingCashVariance || gcashTotal < 0;"
"page.tsx","542","drawerLedgerSummary.openingFloat +"," |   const openingFloatTotal = drawerLedgerSummary.openingFloat; |   const cashInMovementTotal = drawerLedgerSummary.cashIn; |  |   const cashInTotal = |     drawerLedgerSummary.openingFloat + |     drawerLedgerSummary.cashIn + |     drawerLedgerSummary.turnoverIn; |  |   const cashOutTotal = drawerLedgerSummary.cashOut; |   const remittanceTotal = drawerLedgerSummary.remittance; |   const turnoverTotal = drawerLedgerSummary.turnoverOut; |   const cashOnHand = drawerLedgerSummary.expectedCash; |  |   const gcashTotal = drawerLedgerSummary.gcash; |   const bankTotal = drawerLedgerSummary.bank; |   const terminalTotal = drawerLedgerSummary.terminal; |   const onlineBankingTotal = drawerLedgerSummary.onlineBanking; |  |   const actualClosingCashValue = actualClosingCash === """" ? NaN : parseAmountValue(actualClosingCash); |   const closingCashVariance = Number.isFinite(actualClosingCashValue) |     ? actualClosingCashValue - cashOnHand |     : 0; |   const hasClosingCashVariance = Number.isFinite(actualClosingCashValue) |     ? Math.abs(closingCashVariance) > 0.009 |     : false; |   const closeDrawerRequiresOverrideReason = |     drawerMismatchLocked || hasClosingCashVariance || gcashTotal < 0; |   const actualCashEntered = Number.isFinite(actualClosingCashValue); |   const cashShortageOrOverage = actualCashEntered ? actualClosingCashValue - cashOnHand : 0; |   const cashVarianceLabel ="
"page.tsx","543","drawerLedgerSummary.cashIn +","  const openingFloatTotal = drawerLedgerSummary.openingFloat; |   const cashInMovementTotal = drawerLedgerSummary.cashIn; |  |   const cashInTotal = |     drawerLedgerSummary.openingFloat + |     drawerLedgerSummary.cashIn + |     drawerLedgerSummary.turnoverIn; |  |   const cashOutTotal = drawerLedgerSummary.cashOut; |   const remittanceTotal = drawerLedgerSummary.remittance; |   const turnoverTotal = drawerLedgerSummary.turnoverOut; |   const cashOnHand = drawerLedgerSummary.expectedCash; |  |   const gcashTotal = drawerLedgerSummary.gcash; |   const bankTotal = drawerLedgerSummary.bank; |   const terminalTotal = drawerLedgerSummary.terminal; |   const onlineBankingTotal = drawerLedgerSummary.onlineBanking; |  |   const actualClosingCashValue = actualClosingCash === """" ? NaN : parseAmountValue(actualClosingCash); |   const closingCashVariance = Number.isFinite(actualClosingCashValue) |     ? actualClosingCashValue - cashOnHand |     : 0; |   const hasClosingCashVariance = Number.isFinite(actualClosingCashValue) |     ? Math.abs(closingCashVariance) > 0.009 |     : false; |   const closeDrawerRequiresOverrideReason = |     drawerMismatchLocked || hasClosingCashVariance || gcashTotal < 0; |   const actualCashEntered = Number.isFinite(actualClosingCashValue); |   const cashShortageOrOverage = actualCashEntered ? actualClosingCashValue - cashOnHand : 0; |   const cashVarianceLabel = |     !actualCashEntered"
"page.tsx","544","drawerLedgerSummary.turnoverIn;","  const cashInMovementTotal = drawerLedgerSummary.cashIn; |  |   const cashInTotal = |     drawerLedgerSummary.openingFloat + |     drawerLedgerSummary.cashIn + |     drawerLedgerSummary.turnoverIn; |  |   const cashOutTotal = drawerLedgerSummary.cashOut; |   const remittanceTotal = drawerLedgerSummary.remittance; |   const turnoverTotal = drawerLedgerSummary.turnoverOut; |   const cashOnHand = drawerLedgerSummary.expectedCash; |  |   const gcashTotal = drawerLedgerSummary.gcash; |   const bankTotal = drawerLedgerSummary.bank; |   const terminalTotal = drawerLedgerSummary.terminal; |   const onlineBankingTotal = drawerLedgerSummary.onlineBanking; |  |   const actualClosingCashValue = actualClosingCash === """" ? NaN : parseAmountValue(actualClosingCash); |   const closingCashVariance = Number.isFinite(actualClosingCashValue) |     ? actualClosingCashValue - cashOnHand |     : 0; |   const hasClosingCashVariance = Number.isFinite(actualClosingCashValue) |     ? Math.abs(closingCashVariance) > 0.009 |     : false; |   const closeDrawerRequiresOverrideReason = |     drawerMismatchLocked || hasClosingCashVariance || gcashTotal < 0; |   const actualCashEntered = Number.isFinite(actualClosingCashValue); |   const cashShortageOrOverage = actualCashEntered ? actualClosingCashValue - cashOnHand : 0; |   const cashVarianceLabel = |     !actualCashEntered |       ? ""Enter actual cash counted"""
"page.tsx","546","const cashOutTotal = drawerLedgerSummary.cashOut;","  const cashInTotal = |     drawerLedgerSummary.openingFloat + |     drawerLedgerSummary.cashIn + |     drawerLedgerSummary.turnoverIn; |  |   const cashOutTotal = drawerLedgerSummary.cashOut; |   const remittanceTotal = drawerLedgerSummary.remittance; |   const turnoverTotal = drawerLedgerSummary.turnoverOut; |   const cashOnHand = drawerLedgerSummary.expectedCash; |  |   const gcashTotal = drawerLedgerSummary.gcash; |   const bankTotal = drawerLedgerSummary.bank; |   const terminalTotal = drawerLedgerSummary.terminal; |   const onlineBankingTotal = drawerLedgerSummary.onlineBanking; |  |   const actualClosingCashValue = actualClosingCash === """" ? NaN : parseAmountValue(actualClosingCash); |   const closingCashVariance = Number.isFinite(actualClosingCashValue) |     ? actualClosingCashValue - cashOnHand |     : 0; |   const hasClosingCashVariance = Number.isFinite(actualClosingCashValue) |     ? Math.abs(closingCashVariance) > 0.009 |     : false; |   const closeDrawerRequiresOverrideReason = |     drawerMismatchLocked || hasClosingCashVariance || gcashTotal < 0; |   const actualCashEntered = Number.isFinite(actualClosingCashValue); |   const cashShortageOrOverage = actualCashEntered ? actualClosingCashValue - cashOnHand : 0; |   const cashVarianceLabel = |     !actualCashEntered |       ? ""Enter actual cash counted"" |       : Math.abs(cashShortageOrOverage) < 0.009 |         ? ""Balanced"""
"page.tsx","547","const remittanceTotal = drawerLedgerSummary.remittance;","    drawerLedgerSummary.openingFloat + |     drawerLedgerSummary.cashIn + |     drawerLedgerSummary.turnoverIn; |  |   const cashOutTotal = drawerLedgerSummary.cashOut; |   const remittanceTotal = drawerLedgerSummary.remittance; |   const turnoverTotal = drawerLedgerSummary.turnoverOut; |   const cashOnHand = drawerLedgerSummary.expectedCash; |  |   const gcashTotal = drawerLedgerSummary.gcash; |   const bankTotal = drawerLedgerSummary.bank; |   const terminalTotal = drawerLedgerSummary.terminal; |   const onlineBankingTotal = drawerLedgerSummary.onlineBanking; |  |   const actualClosingCashValue = actualClosingCash === """" ? NaN : parseAmountValue(actualClosingCash); |   const closingCashVariance = Number.isFinite(actualClosingCashValue) |     ? actualClosingCashValue - cashOnHand |     : 0; |   const hasClosingCashVariance = Number.isFinite(actualClosingCashValue) |     ? Math.abs(closingCashVariance) > 0.009 |     : false; |   const closeDrawerRequiresOverrideReason = |     drawerMismatchLocked || hasClosingCashVariance || gcashTotal < 0; |   const actualCashEntered = Number.isFinite(actualClosingCashValue); |   const cashShortageOrOverage = actualCashEntered ? actualClosingCashValue - cashOnHand : 0; |   const cashVarianceLabel = |     !actualCashEntered |       ? ""Enter actual cash counted"" |       : Math.abs(cashShortageOrOverage) < 0.009 |         ? ""Balanced"" |         : cashShortageOrOverage < 0"
"page.tsx","548","const turnoverTotal = drawerLedgerSummary.turnoverOut;","    drawerLedgerSummary.cashIn + |     drawerLedgerSummary.turnoverIn; |  |   const cashOutTotal = drawerLedgerSummary.cashOut; |   const remittanceTotal = drawerLedgerSummary.remittance; |   const turnoverTotal = drawerLedgerSummary.turnoverOut; |   const cashOnHand = drawerLedgerSummary.expectedCash; |  |   const gcashTotal = drawerLedgerSummary.gcash; |   const bankTotal = drawerLedgerSummary.bank; |   const terminalTotal = drawerLedgerSummary.terminal; |   const onlineBankingTotal = drawerLedgerSummary.onlineBanking; |  |   const actualClosingCashValue = actualClosingCash === """" ? NaN : parseAmountValue(actualClosingCash); |   const closingCashVariance = Number.isFinite(actualClosingCashValue) |     ? actualClosingCashValue - cashOnHand |     : 0; |   const hasClosingCashVariance = Number.isFinite(actualClosingCashValue) |     ? Math.abs(closingCashVariance) > 0.009 |     : false; |   const closeDrawerRequiresOverrideReason = |     drawerMismatchLocked || hasClosingCashVariance || gcashTotal < 0; |   const actualCashEntered = Number.isFinite(actualClosingCashValue); |   const cashShortageOrOverage = actualCashEntered ? actualClosingCashValue - cashOnHand : 0; |   const cashVarianceLabel = |     !actualCashEntered |       ? ""Enter actual cash counted"" |       : Math.abs(cashShortageOrOverage) < 0.009 |         ? ""Balanced"" |         : cashShortageOrOverage < 0 |           ? `${formatMoney(Math.abs(cashShortageOrOverage))} shortage`"
"page.tsx","549","const cashOnHand = drawerLedgerSummary.expectedCash;","    drawerLedgerSummary.turnoverIn; |  |   const cashOutTotal = drawerLedgerSummary.cashOut; |   const remittanceTotal = drawerLedgerSummary.remittance; |   const turnoverTotal = drawerLedgerSummary.turnoverOut; |   const cashOnHand = drawerLedgerSummary.expectedCash; |  |   const gcashTotal = drawerLedgerSummary.gcash; |   const bankTotal = drawerLedgerSummary.bank; |   const terminalTotal = drawerLedgerSummary.terminal; |   const onlineBankingTotal = drawerLedgerSummary.onlineBanking; |  |   const actualClosingCashValue = actualClosingCash === """" ? NaN : parseAmountValue(actualClosingCash); |   const closingCashVariance = Number.isFinite(actualClosingCashValue) |     ? actualClosingCashValue - cashOnHand |     : 0; |   const hasClosingCashVariance = Number.isFinite(actualClosingCashValue) |     ? Math.abs(closingCashVariance) > 0.009 |     : false; |   const closeDrawerRequiresOverrideReason = |     drawerMismatchLocked || hasClosingCashVariance || gcashTotal < 0; |   const actualCashEntered = Number.isFinite(actualClosingCashValue); |   const cashShortageOrOverage = actualCashEntered ? actualClosingCashValue - cashOnHand : 0; |   const cashVarianceLabel = |     !actualCashEntered |       ? ""Enter actual cash counted"" |       : Math.abs(cashShortageOrOverage) < 0.009 |         ? ""Balanced"" |         : cashShortageOrOverage < 0 |           ? `${formatMoney(Math.abs(cashShortageOrOverage))} shortage` |           : `${formatMoney(cashShortageOrOverage)} overage`;"
"page.tsx","551","const gcashTotal = drawerLedgerSummary.gcash;","  const cashOutTotal = drawerLedgerSummary.cashOut; |   const remittanceTotal = drawerLedgerSummary.remittance; |   const turnoverTotal = drawerLedgerSummary.turnoverOut; |   const cashOnHand = drawerLedgerSummary.expectedCash; |  |   const gcashTotal = drawerLedgerSummary.gcash; |   const bankTotal = drawerLedgerSummary.bank; |   const terminalTotal = drawerLedgerSummary.terminal; |   const onlineBankingTotal = drawerLedgerSummary.onlineBanking; |  |   const actualClosingCashValue = actualClosingCash === """" ? NaN : parseAmountValue(actualClosingCash); |   const closingCashVariance = Number.isFinite(actualClosingCashValue) |     ? actualClosingCashValue - cashOnHand |     : 0; |   const hasClosingCashVariance = Number.isFinite(actualClosingCashValue) |     ? Math.abs(closingCashVariance) > 0.009 |     : false; |   const closeDrawerRequiresOverrideReason = |     drawerMismatchLocked || hasClosingCashVariance || gcashTotal < 0; |   const actualCashEntered = Number.isFinite(actualClosingCashValue); |   const cashShortageOrOverage = actualCashEntered ? actualClosingCashValue - cashOnHand : 0; |   const cashVarianceLabel = |     !actualCashEntered |       ? ""Enter actual cash counted"" |       : Math.abs(cashShortageOrOverage) < 0.009 |         ? ""Balanced"" |         : cashShortageOrOverage < 0 |           ? `${formatMoney(Math.abs(cashShortageOrOverage))} shortage` |           : `${formatMoney(cashShortageOrOverage)} overage`; |  |   const suggestedActualCashTurnover = actualCashEntered ? Math.max(actualClosingCashValue, 0) : cashOnHand;"
"page.tsx","552","const bankTotal = drawerLedgerSummary.bank;","  const remittanceTotal = drawerLedgerSummary.remittance; |   const turnoverTotal = drawerLedgerSummary.turnoverOut; |   const cashOnHand = drawerLedgerSummary.expectedCash; |  |   const gcashTotal = drawerLedgerSummary.gcash; |   const bankTotal = drawerLedgerSummary.bank; |   const terminalTotal = drawerLedgerSummary.terminal; |   const onlineBankingTotal = drawerLedgerSummary.onlineBanking; |  |   const actualClosingCashValue = actualClosingCash === """" ? NaN : parseAmountValue(actualClosingCash); |   const closingCashVariance = Number.isFinite(actualClosingCashValue) |     ? actualClosingCashValue - cashOnHand |     : 0; |   const hasClosingCashVariance = Number.isFinite(actualClosingCashValue) |     ? Math.abs(closingCashVariance) > 0.009 |     : false; |   const closeDrawerRequiresOverrideReason = |     drawerMismatchLocked || hasClosingCashVariance || gcashTotal < 0; |   const actualCashEntered = Number.isFinite(actualClosingCashValue); |   const cashShortageOrOverage = actualCashEntered ? actualClosingCashValue - cashOnHand : 0; |   const cashVarianceLabel = |     !actualCashEntered |       ? ""Enter actual cash counted"" |       : Math.abs(cashShortageOrOverage) < 0.009 |         ? ""Balanced"" |         : cashShortageOrOverage < 0 |           ? `${formatMoney(Math.abs(cashShortageOrOverage))} shortage` |           : `${formatMoney(cashShortageOrOverage)} overage`; |  |   const suggestedActualCashTurnover = actualCashEntered ? Math.max(actualClosingCashValue, 0) : cashOnHand; |   const suggestedFullExpectedTurnover = Math.max(cashOnHand, 0);"
"page.tsx","553","const terminalTotal = drawerLedgerSummary.terminal;","  const turnoverTotal = drawerLedgerSummary.turnoverOut; |   const cashOnHand = drawerLedgerSummary.expectedCash; |  |   const gcashTotal = drawerLedgerSummary.gcash; |   const bankTotal = drawerLedgerSummary.bank; |   const terminalTotal = drawerLedgerSummary.terminal; |   const onlineBankingTotal = drawerLedgerSummary.onlineBanking; |  |   const actualClosingCashValue = actualClosingCash === """" ? NaN : parseAmountValue(actualClosingCash); |   const closingCashVariance = Number.isFinite(actualClosingCashValue) |     ? actualClosingCashValue - cashOnHand |     : 0; |   const hasClosingCashVariance = Number.isFinite(actualClosingCashValue) |     ? Math.abs(closingCashVariance) > 0.009 |     : false; |   const closeDrawerRequiresOverrideReason = |     drawerMismatchLocked || hasClosingCashVariance || gcashTotal < 0; |   const actualCashEntered = Number.isFinite(actualClosingCashValue); |   const cashShortageOrOverage = actualCashEntered ? actualClosingCashValue - cashOnHand : 0; |   const cashVarianceLabel = |     !actualCashEntered |       ? ""Enter actual cash counted"" |       : Math.abs(cashShortageOrOverage) < 0.009 |         ? ""Balanced"" |         : cashShortageOrOverage < 0 |           ? `${formatMoney(Math.abs(cashShortageOrOverage))} shortage` |           : `${formatMoney(cashShortageOrOverage)} overage`; |  |   const suggestedActualCashTurnover = actualCashEntered ? Math.max(actualClosingCashValue, 0) : cashOnHand; |   const suggestedFullExpectedTurnover = Math.max(cashOnHand, 0); | "
"page.tsx","554","const onlineBankingTotal = drawerLedgerSummary.onlineBanking;","  const cashOnHand = drawerLedgerSummary.expectedCash; |  |   const gcashTotal = drawerLedgerSummary.gcash; |   const bankTotal = drawerLedgerSummary.bank; |   const terminalTotal = drawerLedgerSummary.terminal; |   const onlineBankingTotal = drawerLedgerSummary.onlineBanking; |  |   const actualClosingCashValue = actualClosingCash === """" ? NaN : parseAmountValue(actualClosingCash); |   const closingCashVariance = Number.isFinite(actualClosingCashValue) |     ? actualClosingCashValue - cashOnHand |     : 0; |   const hasClosingCashVariance = Number.isFinite(actualClosingCashValue) |     ? Math.abs(closingCashVariance) > 0.009 |     : false; |   const closeDrawerRequiresOverrideReason = |     drawerMismatchLocked || hasClosingCashVariance || gcashTotal < 0; |   const actualCashEntered = Number.isFinite(actualClosingCashValue); |   const cashShortageOrOverage = actualCashEntered ? actualClosingCashValue - cashOnHand : 0; |   const cashVarianceLabel = |     !actualCashEntered |       ? ""Enter actual cash counted"" |       : Math.abs(cashShortageOrOverage) < 0.009 |         ? ""Balanced"" |         : cashShortageOrOverage < 0 |           ? `${formatMoney(Math.abs(cashShortageOrOverage))} shortage` |           : `${formatMoney(cashShortageOrOverage)} overage`; |  |   const suggestedActualCashTurnover = actualCashEntered ? Math.max(actualClosingCashValue, 0) : cashOnHand; |   const suggestedFullExpectedTurnover = Math.max(cashOnHand, 0); |  |   const pendingCashApprovalCount = approvalRequests.filter("
"page.tsx","558","? actualClosingCashValue - cashOnHand","  const terminalTotal = drawerLedgerSummary.terminal; |   const onlineBankingTotal = drawerLedgerSummary.onlineBanking; |  |   const actualClosingCashValue = actualClosingCash === """" ? NaN : parseAmountValue(actualClosingCash); |   const closingCashVariance = Number.isFinite(actualClosingCashValue) |     ? actualClosingCashValue - cashOnHand |     : 0; |   const hasClosingCashVariance = Number.isFinite(actualClosingCashValue) |     ? Math.abs(closingCashVariance) > 0.009 |     : false; |   const closeDrawerRequiresOverrideReason = |     drawerMismatchLocked || hasClosingCashVariance || gcashTotal < 0; |   const actualCashEntered = Number.isFinite(actualClosingCashValue); |   const cashShortageOrOverage = actualCashEntered ? actualClosingCashValue - cashOnHand : 0; |   const cashVarianceLabel = |     !actualCashEntered |       ? ""Enter actual cash counted"" |       : Math.abs(cashShortageOrOverage) < 0.009 |         ? ""Balanced"" |         : cashShortageOrOverage < 0 |           ? `${formatMoney(Math.abs(cashShortageOrOverage))} shortage` |           : `${formatMoney(cashShortageOrOverage)} overage`; |  |   const suggestedActualCashTurnover = actualCashEntered ? Math.max(actualClosingCashValue, 0) : cashOnHand; |   const suggestedFullExpectedTurnover = Math.max(cashOnHand, 0); |  |   const pendingCashApprovalCount = approvalRequests.filter( |     (request) => |       cashApprovalRequestTypes.includes(String(request?.request_type || """").trim().toUpperCase()) && |       String(request.status || """").toUpperCase() === ""PENDING"", |   ).length;"
"page.tsx","566","const cashShortageOrOverage = actualCashEntered ? actualClosingCashValue - cashOnHand : 0;","    ? Math.abs(closingCashVariance) > 0.009 |     : false; |   const closeDrawerRequiresOverrideReason = |     drawerMismatchLocked || hasClosingCashVariance || gcashTotal < 0; |   const actualCashEntered = Number.isFinite(actualClosingCashValue); |   const cashShortageOrOverage = actualCashEntered ? actualClosingCashValue - cashOnHand : 0; |   const cashVarianceLabel = |     !actualCashEntered |       ? ""Enter actual cash counted"" |       : Math.abs(cashShortageOrOverage) < 0.009 |         ? ""Balanced"" |         : cashShortageOrOverage < 0 |           ? `${formatMoney(Math.abs(cashShortageOrOverage))} shortage` |           : `${formatMoney(cashShortageOrOverage)} overage`; |  |   const suggestedActualCashTurnover = actualCashEntered ? Math.max(actualClosingCashValue, 0) : cashOnHand; |   const suggestedFullExpectedTurnover = Math.max(cashOnHand, 0); |  |   const pendingCashApprovalCount = approvalRequests.filter( |     (request) => |       cashApprovalRequestTypes.includes(String(request?.request_type || """").trim().toUpperCase()) && |       String(request.status || """").toUpperCase() === ""PENDING"", |   ).length; |  |   const currentDrawerMovements = useMemo(() => { |     if (!activeDrawer) return []; |     return movements.filter( |       (item) => isCurrentDrawerMovement(item) && !isVoidedMovement(item), |     ); |   }, [movements, activeDrawer?.id]); | "
"page.tsx","576","const suggestedActualCashTurnover = actualCashEntered ? Math.max(actualClosingCashValue, 0) : cashOnHand;","        ? ""Balanced"" |         : cashShortageOrOverage < 0 |           ? `${formatMoney(Math.abs(cashShortageOrOverage))} shortage` |           : `${formatMoney(cashShortageOrOverage)} overage`; |  |   const suggestedActualCashTurnover = actualCashEntered ? Math.max(actualClosingCashValue, 0) : cashOnHand; |   const suggestedFullExpectedTurnover = Math.max(cashOnHand, 0); |  |   const pendingCashApprovalCount = approvalRequests.filter( |     (request) => |       cashApprovalRequestTypes.includes(String(request?.request_type || """").trim().toUpperCase()) && |       String(request.status || """").toUpperCase() === ""PENDING"", |   ).length; |  |   const currentDrawerMovements = useMemo(() => { |     if (!activeDrawer) return []; |     return movements.filter( |       (item) => isCurrentDrawerMovement(item) && !isVoidedMovement(item), |     ); |   }, [movements, activeDrawer?.id]); |  |   const todaysMovementCount = currentDrawerMovements.filter( |     (item) => item.business_date === today, |   ).length; |  |   // CASH KPI STANDARD: |   // These top-card totals must follow the same basis as Cash on Hand: |   // current active drawer + ACTIVE rows only + payment_type = Cash. |   // GCash / Bank / Terminal are shown separately in Online Banking. |   const cashInTodayTotal = cashOnlyMovements |     .filter((item) => item.business_date === today && item.movement_type === ""Cash In"")"
"page.tsx","577","const suggestedFullExpectedTurnover = Math.max(cashOnHand, 0);","        : cashShortageOrOverage < 0 |           ? `${formatMoney(Math.abs(cashShortageOrOverage))} shortage` |           : `${formatMoney(cashShortageOrOverage)} overage`; |  |   const suggestedActualCashTurnover = actualCashEntered ? Math.max(actualClosingCashValue, 0) : cashOnHand; |   const suggestedFullExpectedTurnover = Math.max(cashOnHand, 0); |  |   const pendingCashApprovalCount = approvalRequests.filter( |     (request) => |       cashApprovalRequestTypes.includes(String(request?.request_type || """").trim().toUpperCase()) && |       String(request.status || """").toUpperCase() === ""PENDING"", |   ).length; |  |   const currentDrawerMovements = useMemo(() => { |     if (!activeDrawer) return []; |     return movements.filter( |       (item) => isCurrentDrawerMovement(item) && !isVoidedMovement(item), |     ); |   }, [movements, activeDrawer?.id]); |  |   const todaysMovementCount = currentDrawerMovements.filter( |     (item) => item.business_date === today, |   ).length; |  |   // CASH KPI STANDARD: |   // These top-card totals must follow the same basis as Cash on Hand: |   // current active drawer + ACTIVE rows only + payment_type = Cash. |   // GCash / Bank / Terminal are shown separately in Online Banking. |   const cashInTodayTotal = cashOnlyMovements |     .filter((item) => item.business_date === today && item.movement_type === ""Cash In"") |     .reduce((sum, item) => sum + Math.abs(Number(item.amount || 0)), 0);"
"page.tsx","690","...(cashOnHand <= 0","              tone: ""warning"" as Tone, |               text: `${pendingLiquidations.length} released cash item(s) need liquidation / returned change.`, |             }, |           ] |         : []), |       ...(cashOnHand <= 0 |         ? [{ tone: ""critical"" as Tone, text: ""Physical cash on hand is zero or negative."" }] |         : []), |       ...(pendingCashApprovalCount > 0 |         ? [{ tone: ""warning"" as Tone, text: `${pendingCashApprovalCount} cash approval request(s) pending.` }] |         : []), |       ...(receiptComplianceRate < 80 |         ? [{ tone: ""warning"" as Tone, text: `Receipt compliance is low at ${receiptComplianceRate}%.` }] |         : []), |       ...(activeDrawer |         ? [{ tone: ""info"" as Tone, text: `${activeDrawer.holder_name} has an open drawer.` }] |         : [{ tone: ""warning"" as Tone, text: ""No active cash drawer is open."" }]), |     ]; |   }, [ |   pendingLiquidations.length, |   cashOnHand, |   pendingCashApprovalCount, |   receiptComplianceRate, |   activeDrawer?.id, |   activeDrawer?.holder_name, |   activeDrawer?.status, |   drawerMismatchLocked, |   activeDrawerHolderName, |   currentActorName, |   currentRoleName, |   currentLoginIdentifier,"
"page.tsx","705","cashOnHand,","        ? [{ tone: ""info"" as Tone, text: `${activeDrawer.holder_name} has an open drawer.` }] |         : [{ tone: ""warning"" as Tone, text: ""No active cash drawer is open."" }]), |     ]; |   }, [ |   pendingLiquidations.length, |   cashOnHand, |   pendingCashApprovalCount, |   receiptComplianceRate, |   activeDrawer?.id, |   activeDrawer?.holder_name, |   activeDrawer?.status, |   drawerMismatchLocked, |   activeDrawerHolderName, |   currentActorName, |   currentRoleName, |   currentLoginIdentifier, | ]); |  |   const getCurrentCompanyId = async () => { |     const storedCompanyId = typeof window !== ""undefined"" ? localStorage.getItem(""opscore_current_company_id"") || """" : """"; |     const companyId = String(currentCompanyId || storedCompanyId || """").trim(); |     if (companyId) return companyId; |  |     const { data } = await supabase.from(""companies"").select(""id"").limit(1).maybeSingle(); |     return String(data?.id || """"); |   }; |  |   const loadIdentity = async () => { |     if (typeof window === ""undefined"") return; |  |     const storedCurrentUser = localStorage.getItem(""opscore_current_user"");"
"page.tsx","1048","if (isCashOutMovement && cashOutPaymentDeductsFromCashFlow && amountValue > cashOnHand) {","    if (!Number.isFinite(amountValue) || amountValue <= 0) { |       alert(""Amount must be greater than zero.""); |       return; |     } |  |     if (isCashOutMovement && cashOutPaymentDeductsFromCashFlow && amountValue > cashOnHand) { |       alert(""Cash out cannot be greater than current cash on hand.""); |       return; |     } |  |     if (isExpenseRelease && !expenseDescription.trim()) { |       alert(""Please enter expense description.""); |       return; |     } |  |     if (isCashAdvanceCashOut && !cashAdvanceEmployeeId) { |       alert(""Please select employee for cash advance.""); |       return; |     } |  |     savingRef.current = true; |     setIsSaving(true); |  |     const companyId = await getCurrentCompanyId(); |     const actor = getActor(); |     const autoEncoded = actor.userName; |     const autoFrom = movementType === ""Cash Out"" ? activeDrawer?.holder_name || autoEncoded : source; |     const autoTo = movementType === ""Cash In"" ? activeDrawer?.holder_name || autoEncoded : expenseReleasedTo || cashAdvanceEmployeeName || ""Requestor""; |     const manualOriginId = buildMovementOriginId(); |     const movementRemarks = [ |       remarks.trim(),"
"page.tsx","1577","const cashVarianceValue = actualCashValue - cashOnHand;","    const actualGcashValue = actualClosingGcash === """" ? gcashTotal : parseAmountValue(actualClosingGcash); |     const cashRemittanceValue = closingRemittanceAmount === """" ? 0 : parseAmountValue(closingRemittanceAmount); |     const gcashRemittanceValue = closingGcashRemittanceAmount === """" ? 0 : parseAmountValue(closingGcashRemittanceAmount); |     const cashTurnoverValue = closingCashTurnoverAmount === """" ? 0 : parseAmountValue(closingCashTurnoverAmount); |     const gcashTurnoverValue = closingGcashTurnoverAmount === """" ? 0 : parseAmountValue(closingGcashTurnoverAmount); |     const cashVarianceValue = actualCashValue - cashOnHand; |     const gcashVarianceValue = actualGcashValue - gcashTotal; |     const isOverrideClose = drawerMismatchLocked && canOverrideDrawerLock; |     const reasonRequired = |       isOverrideClose || |       Math.abs(cashVarianceValue) > 0.009 || |       Math.abs(gcashVarianceValue) > 0.009 || |       gcashTotal < 0; |     const finalOverrideReason = drawerOverrideReason.trim() || closingRemittanceRemarks.trim(); |  |     const hasRemittance = cashRemittanceValue > 0 || gcashRemittanceValue > 0; |     const hasTurnover = cashTurnoverValue > 0 || gcashTurnoverValue > 0; |  |     if ( |       !Number.isFinite(actualCashValue) || |       actualCashValue < 0 || |       !Number.isFinite(actualGcashValue) || |       !Number.isFinite(cashRemittanceValue) || |       cashRemittanceValue < 0 || |       !Number.isFinite(gcashRemittanceValue) || |       gcashRemittanceValue < 0 || |       !Number.isFinite(cashTurnoverValue) || |       cashTurnoverValue < 0 || |       !Number.isFinite(gcashTurnoverValue) || |       gcashTurnoverValue < 0 |     ) {"
"page.tsx","1844","`[Expected Cash: ${formatMoney(cashOnHand)}]`,","      const closeAuditRemarks = [ |         closingRemittanceRemarks.trim(), |         isOverrideClose ? `[Closed By Override: ${actor.userName || ""OPSCORE USER""}]` : `[Closed By: ${actor.userName || ""OPSCORE USER""}]`, |         `[Closed By Role: ${currentRoleText || ""Not Provided""}]`, |         `[Drawer Holder: ${activeDrawer.holder_name || activeDrawerHolderName || ""Not Provided""}]`, |         `[Expected Cash: ${formatMoney(cashOnHand)}]`, |         `[Actual Cash: ${formatMoney(actualCashValue)}]`, |         `[Cash Variance: ${formatMoney(cashVarianceValue)}]`, |         `[GCash Expected: ${formatMoney(gcashTotal)}]`, |         `[GCash Actual/Confirmed: ${formatMoney(actualGcashValue)}]`, |         `[GCash Variance: ${formatMoney(gcashVarianceValue)}]`, |         finalOverrideReason ? `[Override / Variance Reason: ${finalOverrideReason}]` : """", |       ] |         .filter(Boolean) |         .join("" ""); |  |       const { error: drawerCloseError } = await supabase |         .from(""finance_cash_drawers"") |         .update({ |           status: ""CLOSED"", |           expected_cash: cashOnHand, |           actual_cash: actualCashValue, |           closed_at: nowIso, |           closing_remittance_amount: cashRemittanceValue, |           closing_gcash_remittance_amount: gcashRemittanceValue, |           closing_remittance_received_by: closingRemittanceReceivedBy.trim(), |           closing_remittance_remarks: closeAuditRemarks, |           variance: cashVarianceValue, |           remarks: closeAuditRemarks, |         }) |         .eq(""id"", activeDrawer.id);"
"page.tsx","1859","expected_cash: cashOnHand,"," |       const { error: drawerCloseError } = await supabase |         .from(""finance_cash_drawers"") |         .update({ |           status: ""CLOSED"", |           expected_cash: cashOnHand, |           actual_cash: actualCashValue, |           closed_at: nowIso, |           closing_remittance_amount: cashRemittanceValue, |           closing_gcash_remittance_amount: gcashRemittanceValue, |           closing_remittance_received_by: closingRemittanceReceivedBy.trim(), |           closing_remittance_remarks: closeAuditRemarks, |           variance: cashVarianceValue, |           remarks: closeAuditRemarks, |         }) |         .eq(""id"", activeDrawer.id); |  |       if (drawerCloseError) { |         throw new Error(`Failed to close drawer. ${drawerCloseError.message}`); |       } |  |       await createAuditLog({ |         userName: actor.userName, |         module: ""Cash Management"", |         action: isOverrideClose ? ""Close Drawer Override"" : ""Close Drawer"", |         description: `${activeDrawer.holder_name} drawer closed${isOverrideClose ? "" by authorized override"" : """"}. Cash variance ${formatMoney(cashVarianceValue)}, GCash expected ${formatMoney(gcashTotal)}. Reason: ${finalOverrideReason || ""N/A""}`, |         severity: reasonRequired ? ""warning"" : ""info"", |         recordId: activeDrawer.id, |         oldValue: activeDrawer, |         newValue: { |           actualCashValue,"
"page.tsx","2359","const storedExpectedCash = Number(drawer?.expected_cash);","    // CLOSED DRAWER REPORT STANDARD: |     // The PDF must follow the same source of truth used at drawer close. |     // For closed drawers, use saved finance_cash_drawers.expected_cash / variance. |     // Recomputing from historical movements can double-count manual recon rows |     // such as Room Sales + Drawer Turnover Received for the same physical cash. |     const storedExpectedCash = Number(drawer?.expected_cash); |     const hasStoredExpectedCash = |       String(drawer?.status || """").toUpperCase() === ""CLOSED"" && |       Number.isFinite(storedExpectedCash); |  |     const computedExpectedCashBeforeClose = |       openingFloatTotal + cashSalesTotal + cashReturnTotal + cashTurnoverReceivedTotal - cashExpenseTotal; |  |     const expectedCashBeforeClose = hasStoredExpectedCash |       ? storedExpectedCash |       : computedExpectedCashBeforeClose; |  |     // If a closed drawer has a saved expected cash value, back-solve the displayed |     // turnover received line so the printed reconciliation ties to the actual close. |     // This prevents old/manual turnover-recon rows from inflating Expected Cash. |     const reportCashTurnoverReceivedTotal = hasStoredExpectedCash |       ? Math.max( |           0, |           expectedCashBeforeClose + cashExpenseTotal - openingFloatTotal - cashSalesTotal - cashReturnTotal, |         ) |       : cashTurnoverReceivedTotal; |  |     const totalCashOutflowAtClose = remittanceTotalValue + turnoverTotalValue; |     const remainingCash = Math.max(actualCash - totalCashOutflowAtClose, 0); |  |     const storedVariance = Number(drawer?.variance);"
"page.tsx","2360","const hasStoredExpectedCash =","    // The PDF must follow the same source of truth used at drawer close. |     // For closed drawers, use saved finance_cash_drawers.expected_cash / variance. |     // Recomputing from historical movements can double-count manual recon rows |     // such as Room Sales + Drawer Turnover Received for the same physical cash. |     const storedExpectedCash = Number(drawer?.expected_cash); |     const hasStoredExpectedCash = |       String(drawer?.status || """").toUpperCase() === ""CLOSED"" && |       Number.isFinite(storedExpectedCash); |  |     const computedExpectedCashBeforeClose = |       openingFloatTotal + cashSalesTotal + cashReturnTotal + cashTurnoverReceivedTotal - cashExpenseTotal; |  |     const expectedCashBeforeClose = hasStoredExpectedCash |       ? storedExpectedCash |       : computedExpectedCashBeforeClose; |  |     // If a closed drawer has a saved expected cash value, back-solve the displayed |     // turnover received line so the printed reconciliation ties to the actual close. |     // This prevents old/manual turnover-recon rows from inflating Expected Cash. |     const reportCashTurnoverReceivedTotal = hasStoredExpectedCash |       ? Math.max( |           0, |           expectedCashBeforeClose + cashExpenseTotal - openingFloatTotal - cashSalesTotal - cashReturnTotal, |         ) |       : cashTurnoverReceivedTotal; |  |     const totalCashOutflowAtClose = remittanceTotalValue + turnoverTotalValue; |     const remainingCash = Math.max(actualCash - totalCashOutflowAtClose, 0); |  |     const storedVariance = Number(drawer?.variance); |     const variance ="
"page.tsx","2362","Number.isFinite(storedExpectedCash);","    // Recomputing from historical movements can double-count manual recon rows |     // such as Room Sales + Drawer Turnover Received for the same physical cash. |     const storedExpectedCash = Number(drawer?.expected_cash); |     const hasStoredExpectedCash = |       String(drawer?.status || """").toUpperCase() === ""CLOSED"" && |       Number.isFinite(storedExpectedCash); |  |     const computedExpectedCashBeforeClose = |       openingFloatTotal + cashSalesTotal + cashReturnTotal + cashTurnoverReceivedTotal - cashExpenseTotal; |  |     const expectedCashBeforeClose = hasStoredExpectedCash |       ? storedExpectedCash |       : computedExpectedCashBeforeClose; |  |     // If a closed drawer has a saved expected cash value, back-solve the displayed |     // turnover received line so the printed reconciliation ties to the actual close. |     // This prevents old/manual turnover-recon rows from inflating Expected Cash. |     const reportCashTurnoverReceivedTotal = hasStoredExpectedCash |       ? Math.max( |           0, |           expectedCashBeforeClose + cashExpenseTotal - openingFloatTotal - cashSalesTotal - cashReturnTotal, |         ) |       : cashTurnoverReceivedTotal; |  |     const totalCashOutflowAtClose = remittanceTotalValue + turnoverTotalValue; |     const remainingCash = Math.max(actualCash - totalCashOutflowAtClose, 0); |  |     const storedVariance = Number(drawer?.variance); |     const variance = |       String(drawer?.status || """").toUpperCase() === ""CLOSED"" && Number.isFinite(storedVariance) |         ? storedVariance"
"page.tsx","2364","const computedExpectedCashBeforeClose =","    const storedExpectedCash = Number(drawer?.expected_cash); |     const hasStoredExpectedCash = |       String(drawer?.status || """").toUpperCase() === ""CLOSED"" && |       Number.isFinite(storedExpectedCash); |  |     const computedExpectedCashBeforeClose = |       openingFloatTotal + cashSalesTotal + cashReturnTotal + cashTurnoverReceivedTotal - cashExpenseTotal; |  |     const expectedCashBeforeClose = hasStoredExpectedCash |       ? storedExpectedCash |       : computedExpectedCashBeforeClose; |  |     // If a closed drawer has a saved expected cash value, back-solve the displayed |     // turnover received line so the printed reconciliation ties to the actual close. |     // This prevents old/manual turnover-recon rows from inflating Expected Cash. |     const reportCashTurnoverReceivedTotal = hasStoredExpectedCash |       ? Math.max( |           0, |           expectedCashBeforeClose + cashExpenseTotal - openingFloatTotal - cashSalesTotal - cashReturnTotal, |         ) |       : cashTurnoverReceivedTotal; |  |     const totalCashOutflowAtClose = remittanceTotalValue + turnoverTotalValue; |     const remainingCash = Math.max(actualCash - totalCashOutflowAtClose, 0); |  |     const storedVariance = Number(drawer?.variance); |     const variance = |       String(drawer?.status || """").toUpperCase() === ""CLOSED"" && Number.isFinite(storedVariance) |         ? storedVariance |         : actualCash - expectedCashBeforeClose; | "
"page.tsx","2367","const expectedCashBeforeClose = hasStoredExpectedCash","      Number.isFinite(storedExpectedCash); |  |     const computedExpectedCashBeforeClose = |       openingFloatTotal + cashSalesTotal + cashReturnTotal + cashTurnoverReceivedTotal - cashExpenseTotal; |  |     const expectedCashBeforeClose = hasStoredExpectedCash |       ? storedExpectedCash |       : computedExpectedCashBeforeClose; |  |     // If a closed drawer has a saved expected cash value, back-solve the displayed |     // turnover received line so the printed reconciliation ties to the actual close. |     // This prevents old/manual turnover-recon rows from inflating Expected Cash. |     const reportCashTurnoverReceivedTotal = hasStoredExpectedCash |       ? Math.max( |           0, |           expectedCashBeforeClose + cashExpenseTotal - openingFloatTotal - cashSalesTotal - cashReturnTotal, |         ) |       : cashTurnoverReceivedTotal; |  |     const totalCashOutflowAtClose = remittanceTotalValue + turnoverTotalValue; |     const remainingCash = Math.max(actualCash - totalCashOutflowAtClose, 0); |  |     const storedVariance = Number(drawer?.variance); |     const variance = |       String(drawer?.status || """").toUpperCase() === ""CLOSED"" && Number.isFinite(storedVariance) |         ? storedVariance |         : actualCash - expectedCashBeforeClose; |  |     const salesBySource = (sourceName: string) => |       rows |         .filter("
"page.tsx","2368","? storedExpectedCash"," |     const computedExpectedCashBeforeClose = |       openingFloatTotal + cashSalesTotal + cashReturnTotal + cashTurnoverReceivedTotal - cashExpenseTotal; |  |     const expectedCashBeforeClose = hasStoredExpectedCash |       ? storedExpectedCash |       : computedExpectedCashBeforeClose; |  |     // If a closed drawer has a saved expected cash value, back-solve the displayed |     // turnover received line so the printed reconciliation ties to the actual close. |     // This prevents old/manual turnover-recon rows from inflating Expected Cash. |     const reportCashTurnoverReceivedTotal = hasStoredExpectedCash |       ? Math.max( |           0, |           expectedCashBeforeClose + cashExpenseTotal - openingFloatTotal - cashSalesTotal - cashReturnTotal, |         ) |       : cashTurnoverReceivedTotal; |  |     const totalCashOutflowAtClose = remittanceTotalValue + turnoverTotalValue; |     const remainingCash = Math.max(actualCash - totalCashOutflowAtClose, 0); |  |     const storedVariance = Number(drawer?.variance); |     const variance = |       String(drawer?.status || """").toUpperCase() === ""CLOSED"" && Number.isFinite(storedVariance) |         ? storedVariance |         : actualCash - expectedCashBeforeClose; |  |     const salesBySource = (sourceName: string) => |       rows |         .filter( |           (item) =>"
"page.tsx","2369",": computedExpectedCashBeforeClose;","    const computedExpectedCashBeforeClose = |       openingFloatTotal + cashSalesTotal + cashReturnTotal + cashTurnoverReceivedTotal - cashExpenseTotal; |  |     const expectedCashBeforeClose = hasStoredExpectedCash |       ? storedExpectedCash |       : computedExpectedCashBeforeClose; |  |     // If a closed drawer has a saved expected cash value, back-solve the displayed |     // turnover received line so the printed reconciliation ties to the actual close. |     // This prevents old/manual turnover-recon rows from inflating Expected Cash. |     const reportCashTurnoverReceivedTotal = hasStoredExpectedCash |       ? Math.max( |           0, |           expectedCashBeforeClose + cashExpenseTotal - openingFloatTotal - cashSalesTotal - cashReturnTotal, |         ) |       : cashTurnoverReceivedTotal; |  |     const totalCashOutflowAtClose = remittanceTotalValue + turnoverTotalValue; |     const remainingCash = Math.max(actualCash - totalCashOutflowAtClose, 0); |  |     const storedVariance = Number(drawer?.variance); |     const variance = |       String(drawer?.status || """").toUpperCase() === ""CLOSED"" && Number.isFinite(storedVariance) |         ? storedVariance |         : actualCash - expectedCashBeforeClose; |  |     const salesBySource = (sourceName: string) => |       rows |         .filter( |           (item) => |             typeKey(item.movement_type) === ""Cash In"" &&"
"page.tsx","2374","const reportCashTurnoverReceivedTotal = hasStoredExpectedCash","      : computedExpectedCashBeforeClose; |  |     // If a closed drawer has a saved expected cash value, back-solve the displayed |     // turnover received line so the printed reconciliation ties to the actual close. |     // This prevents old/manual turnover-recon rows from inflating Expected Cash. |     const reportCashTurnoverReceivedTotal = hasStoredExpectedCash |       ? Math.max( |           0, |           expectedCashBeforeClose + cashExpenseTotal - openingFloatTotal - cashSalesTotal - cashReturnTotal, |         ) |       : cashTurnoverReceivedTotal; |  |     const totalCashOutflowAtClose = remittanceTotalValue + turnoverTotalValue; |     const remainingCash = Math.max(actualCash - totalCashOutflowAtClose, 0); |  |     const storedVariance = Number(drawer?.variance); |     const variance = |       String(drawer?.status || """").toUpperCase() === ""CLOSED"" && Number.isFinite(storedVariance) |         ? storedVariance |         : actualCash - expectedCashBeforeClose; |  |     const salesBySource = (sourceName: string) => |       rows |         .filter( |           (item) => |             typeKey(item.movement_type) === ""Cash In"" && |             sourceKey(item.source).includes(sourceName.toLowerCase()), |         ) |         .reduce((sum, item) => sum + Math.abs(Number(item.amount || 0)), 0); |  |     const collectionsByPayment = (paymentNames: string | string[]) => {"
"page.tsx","2377","expectedCashBeforeClose + cashExpenseTotal - openingFloatTotal - cashSalesTotal - cashReturnTotal,","    // turnover received line so the printed reconciliation ties to the actual close. |     // This prevents old/manual turnover-recon rows from inflating Expected Cash. |     const reportCashTurnoverReceivedTotal = hasStoredExpectedCash |       ? Math.max( |           0, |           expectedCashBeforeClose + cashExpenseTotal - openingFloatTotal - cashSalesTotal - cashReturnTotal, |         ) |       : cashTurnoverReceivedTotal; |  |     const totalCashOutflowAtClose = remittanceTotalValue + turnoverTotalValue; |     const remainingCash = Math.max(actualCash - totalCashOutflowAtClose, 0); |  |     const storedVariance = Number(drawer?.variance); |     const variance = |       String(drawer?.status || """").toUpperCase() === ""CLOSED"" && Number.isFinite(storedVariance) |         ? storedVariance |         : actualCash - expectedCashBeforeClose; |  |     const salesBySource = (sourceName: string) => |       rows |         .filter( |           (item) => |             typeKey(item.movement_type) === ""Cash In"" && |             sourceKey(item.source).includes(sourceName.toLowerCase()), |         ) |         .reduce((sum, item) => sum + Math.abs(Number(item.amount || 0)), 0); |  |     const collectionsByPayment = (paymentNames: string | string[]) => { |       const names = (Array.isArray(paymentNames) ? paymentNames : [paymentNames]).map((item) => normalizeName(item)); |  |       return rows"
"page.tsx","2388",": actualCash - expectedCashBeforeClose;"," |     const storedVariance = Number(drawer?.variance); |     const variance = |       String(drawer?.status || """").toUpperCase() === ""CLOSED"" && Number.isFinite(storedVariance) |         ? storedVariance |         : actualCash - expectedCashBeforeClose; |  |     const salesBySource = (sourceName: string) => |       rows |         .filter( |           (item) => |             typeKey(item.movement_type) === ""Cash In"" && |             sourceKey(item.source).includes(sourceName.toLowerCase()), |         ) |         .reduce((sum, item) => sum + Math.abs(Number(item.amount || 0)), 0); |  |     const collectionsByPayment = (paymentNames: string | string[]) => { |       const names = (Array.isArray(paymentNames) ? paymentNames : [paymentNames]).map((item) => normalizeName(item)); |  |       return rows |         .filter( |           (item) => |             typeKey(item.movement_type) === ""Cash In"" && |             sourceKey(item.source) !== ""expense return"" && |             !sourceKey(item.source).includes(""drawer turnover"") && |             names.includes(paymentKey(item.payment_type)), |         ) |         .reduce((sum, item) => sum + Math.abs(Number(item.amount || 0)), 0); |     }; |  |     const expenseBySource = (sourceName: string) =>"
"page.tsx","2483","expectedCashBeforeRemittance: expectedCashBeforeClose,","      openingFloatTotal, |       cashSalesTotal, |       cashTurnoverReceivedTotal: reportCashTurnoverReceivedTotal, |       cashReturnTotal, |       cashExpenseTotal, |       expectedCashBeforeRemittance: expectedCashBeforeClose, |       turnoverTotalValue, |       totalCashOutflowAtClose, |       actualCash, |       remittanceTotalValue, |       remainingCash, |       variance, |       cashCollections: collectionsByPayment(""Cash""), |       gcashCollections: collectionsByPayment(""GCash""), |       bankCollections: collectionsByPayment([""Bank"", ""Bank Transfer""]), |       terminalCollections: collectionsByPayment([""Terminal"", ""Terminal / Card"", ""Credit Card"", ""Card""]), |       roomSales, |       restaurantSales, |       apartmentCollection, |       otherSales, |       expenseRelease, |       cashAdvance, |       ownerWithdrawal, |       bankDeposit, |       otherExpenses, |       manualCashExpenses, |       reportOnlyExpenses, |     }; |   }; |  |   const printDrawerReport = (drawer: any) => {"
"page.tsx","2652","<div class=""line total""><span>Expected Cash Before Close</span><strong>${formatMoney(summary.expectedCashBeforeRemittance)}</strong></div>","                <div class=""line""><span>Opening Float</span><strong>${formatMoney(summary.openingFloatTotal)}</strong></div> |                 <div class=""line""><span>Add: Cash Sales</span><strong>${formatMoney(summary.cashSalesTotal)}</strong></div> |                 <div class=""line""><span>Add: Cash Turnover Received</span><strong>${formatMoney(summary.cashTurnoverReceivedTotal)}</strong></div> |                 <div class=""line""><span>Add: Expense Returns</span><strong>${formatMoney(summary.cashReturnTotal)}</strong></div> |                 <div class=""line""><span>Less: Cash Expenses / Releases</span><strong class=""negative"">(${formatMoney(summary.cashExpenseTotal)})</strong></div> |                 <div class=""line total""><span>Expected Cash Before Close</span><strong>${formatMoney(summary.expectedCashBeforeRemittance)}</strong></div> |                 <div class=""line""><span>Actual Cash Counted</span><strong>${formatMoney(summary.actualCash)}</strong></div> |                 <div class=""line""><span>Cash Turnover Out</span><strong>${formatMoney(summary.turnoverTotalValue)}</strong></div> |                 <div class=""line""><span>Cash Remitted</span><strong>${formatMoney(summary.remittanceTotalValue)}</strong></div> |                 <div class=""line""><span>Remaining Cash After Close</span><strong>${formatMoney(summary.remainingCash)}</strong></div> |                 <div class=""line total""><span>${isBalanced ? ""BALANCED"" : ""VARIANCE""}</span><strong>${formatMoney(summary.variance)}</strong></div> |               </div> |  |               <div> |                 <div class=""box""> |                   <h2>COLLECTION SUMMARY</h2> |                   <div class=""line""><span>Cash Sales</span><strong>${formatMoney(summary.cashCollections)}</strong></div> |                   <div class=""line""><span>GCash Sales</span><strong>${formatMoney(summary.gcashCollections)}</strong></div> |                   <div class=""line""><span>Bank Transfer</span><strong>${formatMoney(summary.bankCollections)}</strong></div> |                   <div class=""line""><span>Terminal / Card</span><strong>${formatMoney(summary.terminalCollections)}</strong></div> |                   <div class=""line total""><span>Total Collections</span><strong>${formatMoney(totalCollections)}</strong></div> |                 </div> |                 <div class=""box"" style=""margin-top:14px; min-height:105px;""> |                   <h2>REMITTANCE / TURNOVER SUMMARY</h2> |                   <div class=""line""><span>Cash Remitted</span><strong>${formatMoney(summary.remittanceTotalValue)}</strong></div> |                   <div class=""line""><span>Cash Turnover Out</span><strong>${formatMoney(summary.turnoverTotalValue)}</strong></div> |                   <div class=""line""><span>Received By</span><strong>${receivedBy}</strong></div> |                   <div class=""line total""><span>Remaining Cash After Close</span><strong>${formatMoney(summary.remainingCash)}</strong></div> |                 </div> |               </div> | "
"page.tsx","2830","<CompactStat label=""Cash on Hand"" value={formatMoney(cashOnHand)} caption=""Current drawer cash"" />","            </section> |           )} |  |           <section className=""mb-3 rounded-3xl border border-slate-200 bg-white px-4 py-3 shadow-sm""> |             <div className=""grid grid-cols-2 gap-3 md:grid-cols-3 xl:grid-cols-5""> |               <CompactStat label=""Cash on Hand"" value={formatMoney(cashOnHand)} caption=""Current drawer cash"" /> |               <CompactStat label=""Cash In Today"" value={formatMoney(cashInTodayTotal)} caption=""Cash received today"" tone=""success"" /> |               <CompactStat label=""Cash Out Today"" value={formatMoney(cashOutTodayTotal)} caption=""Cash released today"" tone={cashOutTodayTotal > 0 ? ""warning"" : ""neutral""} /> |               <CompactStat label=""Online Banking"" value={formatMoney(onlineBankingTotal)} caption={`GCash ${formatMoney(gcashTotal)} ? Bank ${formatMoney(bankTotal)} ? Terminal ${formatMoney(terminalTotal)}`} tone=""info"" /> |               <CompactStat label=""Pending Approvals"" value={pendingCashApprovalCount} caption=""Cash-related only"" tone={pendingCashApprovalCount > 0 ? ""warning"" : ""neutral""} /> |             </div> |           </section> |  |           {(pendingLiquidations.length > 0 || drawerMismatchLocked) && ( |             <section className=""mb-4 rounded-2xl border border-amber-200 bg-amber-50 px-4 py-3 text-amber-800 shadow-sm""> |               <div className=""flex flex-col gap-2 text-xs font-bold md:flex-row md:items-center md:justify-between""> |                 <div className=""flex flex-wrap items-center gap-3""> |                   {pendingLiquidations.length > 0 && ( |                     <span className=""inline-flex items-center gap-2""> |                       <AlertTriangle size={15} /> |                       {pendingLiquidations.length} item(s) need liquidation ? {formatMoney(pendingLiquidationAmount)} |                     </span> |                   )} |                   {drawerMismatchLocked && ( |                     <span className=""inline-flex items-center gap-2 text-red-700""> |                       <AlertTriangle size={15} /> |                       View only: drawer belongs to {activeDrawerHolderName || ""another user""} |                     </span> |                   )} |                 </div> |                 <span className=""text-[11px] font-black uppercase tracking-[0.16em] text-amber-700"">"
"page.tsx","3010","<SummaryLine label=""Cash on Hand"" value={formatMoney(cashOnHand)} />","            <div className=""rounded-3xl border border-slate-200 bg-white p-6 shadow-sm""> |               <p className=""text-[11px] font-bold uppercase tracking-[0.18em] text-slate-500"">Drawer Summary</p> |               <h2 className=""mt-2 text-xl font-black text-slate-950"">{activeDrawer?.holder_name || ""No Open Drawer""}</h2> |               <p className=""mt-2 text-sm font-medium text-slate-500"">Cash-only drawer monitoring. Digital channels are computed per current drawer in this workbench.</p> |               <div className=""mt-5 divide-y divide-slate-100""> |                 <SummaryLine label=""Cash on Hand"" value={formatMoney(cashOnHand)} /> |                 <SummaryLine label=""Opening Float"" value={formatMoney(openingFloatTotal)} /> |                 <SummaryLine label=""Cash In"" value={formatMoney(cashInMovementTotal)} /> |                 <SummaryLine label=""Cash Out"" value={formatMoney(cashOutTotal)} /> |                 <SummaryLine label=""Remittance"" value={formatMoney(remittanceTotal)} /> |                 <SummaryLine label=""Turnover"" value={formatMoney(turnoverTotal)} /> |                 <SummaryLine label=""For Liquidation"" value={formatMoney(pendingLiquidationAmount)} warning={pendingLiquidations.length > 0} /> |               </div> |             </div> |           </section> |  |  |           <section className=""mb-5 rounded-3xl border border-amber-200 bg-white shadow-sm""> |             <div className=""flex flex-col gap-3 border-b border-amber-100 px-5 py-4 md:flex-row md:items-center md:justify-between""> |               <div> |                 <p className=""text-[11px] font-bold uppercase tracking-[0.18em] text-amber-600"">Action Required</p> |                 <h2 className=""mt-1 text-lg font-black text-slate-950"">Liquidation Queue</h2> |                 <p className=""mt-1 text-xs font-semibold text-slate-500"">Cash releases that still need actual spent, returned cash, receipt count, and liquidation remarks.</p> |               </div> |               <span className={`rounded-2xl border px-4 py-2 text-xs font-black uppercase tracking-[0.14em] ${ |                 pendingLiquidations.length > 0 |                   ? ""border-amber-200 bg-amber-50 text-amber-700"" |                   : ""border-emerald-200 bg-emerald-50 text-emerald-700"" |               }`}> |                 {pendingLiquidations.length} Pending ? {formatMoney(pendingLiquidationAmount)} |               </span>"
"page.tsx","3458","Expected physical cash before close: {formatMoney(cashOnHand)}"," |         {showCloseDrawer && activeDrawer && ( |           <Modal title=""Close Cash Drawer"" onClose={() => setShowCloseDrawer(false)}> |             <div className=""grid grid-cols-1 gap-3 md:grid-cols-2""> |               <div className=""rounded-2xl border border-blue-200 bg-blue-50 px-4 py-3 text-sm font-bold text-blue-700""> |                 Expected physical cash before close: {formatMoney(cashOnHand)} |               </div> |               <div className=""rounded-2xl border border-blue-200 bg-blue-50 px-4 py-3 text-sm font-bold text-blue-700""> |                 Current drawer GCash before close: {formatMoney(gcashTotal)} |               </div> |             </div> |  |             {drawerMismatchLocked && canOverrideDrawerLock && ( |               <div className=""mt-4 rounded-2xl border border-amber-200 bg-amber-50 px-4 py-3 text-sm font-bold text-amber-800""> |                 Override mode active. This drawer belongs to {activeDrawerHolderName || activeDrawer.holder_name}; closing will be logged under {currentActorName || ""current user""}. |               </div> |             )} |  |             {gcashTotal < 0 && ( |               <div className=""mt-4 rounded-2xl border border-red-200 bg-red-50 px-4 py-3 text-sm font-bold text-red-700""> |                 GCash is negative ({formatMoney(gcashTotal)}). Close is allowed only with variance / override reason. |               </div> |             )} |  |             <div className=""mt-4 rounded-3xl border border-slate-200 bg-slate-50 p-4""> |               <p className=""mb-3 text-[11px] font-bold uppercase tracking-[0.18em] text-slate-500"">Cash Count</p> |               <div className=""grid grid-cols-1 gap-4 md:grid-cols-2""> |                 <Field label=""Actual Closing Cash""> |                   <input value={actualClosingCash} onChange={(e) => setActualClosingCash(e.target.value)} className=""h-11 w-full rounded-xl border border-slate-300 bg-white px-3 text-lg font-black text-slate-950"" placeholder=""0.00"" /> |                 </Field> |                 <Field label=""Actual / Confirmed GCash"">"
"page.tsx","3525","{formatMoney(cashOnHand)}","                  <div className=""rounded-2xl border border-blue-200 bg-blue-50 px-4 py-3 text-right""> |                     <p className=""text-[10px] font-black uppercase tracking-[0.18em] text-blue-700""> |                       OPSCORE Cash On Hand |                     </p> |                     <p className=""text-xl font-black text-slate-950""> |                       {formatMoney(cashOnHand)} |                     </p> |                   </div> |                 </div> |  |                 <div className=""mt-4 grid grid-cols-1 gap-3 md:grid-cols-3""> |                   <div className=""rounded-2xl border border-slate-200 bg-slate-50 p-4""> |                     <p className=""text-[10px] font-black uppercase tracking-[0.18em] text-slate-500""> |                       Expected Cash |                     </p> |                     <p className=""mt-2 text-xl font-black text-slate-950""> |                       {formatMoney(cashOnHand)} |                     </p> |                   </div> |  |                   <div className=""rounded-2xl border border-slate-200 bg-slate-50 p-4""> |                     <p className=""text-[10px] font-black uppercase tracking-[0.18em] text-slate-500""> |                       Actual Cash Counted |                     </p> |                     <p className=""mt-2 text-xl font-black text-slate-950""> |                       {actualCashEntered ? formatMoney(actualClosingCashValue) : ""Not entered""} |                     </p> |                   </div> |  |                   <div className={`rounded-2xl border p-4 ${ |                     actualCashEntered && Math.abs(cashShortageOrOverage) > 0.009"
"page.tsx","3536","{formatMoney(cashOnHand)}","                  <div className=""rounded-2xl border border-slate-200 bg-slate-50 p-4""> |                     <p className=""text-[10px] font-black uppercase tracking-[0.18em] text-slate-500""> |                       Expected Cash |                     </p> |                     <p className=""mt-2 text-xl font-black text-slate-950""> |                       {formatMoney(cashOnHand)} |                     </p> |                   </div> |  |                   <div className=""rounded-2xl border border-slate-200 bg-slate-50 p-4""> |                     <p className=""text-[10px] font-black uppercase tracking-[0.18em] text-slate-500""> |                       Actual Cash Counted |                     </p> |                     <p className=""mt-2 text-xl font-black text-slate-950""> |                       {actualCashEntered ? formatMoney(actualClosingCashValue) : ""Not entered""} |                     </p> |                   </div> |  |                   <div className={`rounded-2xl border p-4 ${ |                     actualCashEntered && Math.abs(cashShortageOrOverage) > 0.009 |                       ? ""border-amber-200 bg-amber-50"" |                       : ""border-emerald-200 bg-emerald-100"" |                   }`}> |                     <p className=""text-[10px] font-black uppercase tracking-[0.18em] text-slate-500""> |                       Status |                     </p> |                     <p className={`mt-2 text-xl font-black ${ |                       actualCashEntered && Math.abs(cashShortageOrOverage) > 0.009 |                         ? ""text-amber-700"" |                         : ""text-emerald-700"" |                     }`}>"
"page.tsx","3576","OPSCORE recommends closing with documented variance. Expected cash is {formatMoney(cashOnHand)}, but actual counted cash is {formatMoney(actualClosingCashValue)}. Enter a variance reason before closing.","                  : ""border-emerald-200 bg-white text-emerald-800"" |               }`}> |                 {actualCashEntered ? ( |                   Math.abs(cashShortageOrOverage) > 0.009 ? ( |                     <> |                       OPSCORE recommends closing with documented variance. Expected cash is {formatMoney(cashOnHand)}, but actual counted cash is {formatMoney(actualClosingCashValue)}. Enter a variance reason before closing. |                     </> |                   ) : ( |                     <> |                       OPSCORE recommends turning over {formatMoney(suggestedActualCashTurnover)} if all counted cash will be handed to the next drawer holder. |                     </> |                   ) |                 ) : ( |                   <>Enter actual cash counted first to see the OPSCORE recommendation.</> |                 )} |               </div> |  |               <div className=""mt-4 grid grid-cols-1 gap-3 md:grid-cols-2""> |                 <button |                   type=""button"" |                   onClick={() => { |                     if (!actualCashEntered) { |                       alert(""Enter actual cash counted first.""); |                       return; |                     } |                     setClosingCashTurnoverAmount(String(suggestedActualCashTurnover)); |                   }} |                   className=""rounded-2xl border border-emerald-200 bg-emerald-600 px-4 py-3 text-sm font-black uppercase tracking-[0.14em] text-white shadow-sm hover:bg-emerald-700"" |                 > |                   Turnover All Counted Cash ({actualCashEntered ? formatMoney(suggestedActualCashTurnover) : ""Enter Cash""}) |                 </button>"
"cash-ledger.ts","15","export type DrawerLedgerSummary = {","  movement_status?: string | null; |   voided_at?: string | null; |   void_reason?: string | null; | }; |  | export type DrawerLedgerSummary = { |   drawerId: string; |   movements: CashLedgerMovement[]; |  |   openingFloat: number; |   cashIn: number; |   cashOut: number; |   remittance: number; |   turnoverOut: number; |   turnoverIn: number; |   expectedCash: number; |  |   gcash: number; |   bank: number; |   terminal: number; |   onlineBanking: number; | }; |  | const normalize = (value: any) => |   String(value || """").trim().replace(/\s+/g, "" "").toLowerCase(); |  | const money = (value: any) => { |   const parsed = Number(value || 0); |   return Number.isFinite(parsed) ? parsed : 0; | }; | "
"cash-ledger.ts","25","expectedCash: number;","  cashIn: number; |   cashOut: number; |   remittance: number; |   turnoverOut: number; |   turnoverIn: number; |   expectedCash: number; |  |   gcash: number; |   bank: number; |   terminal: number; |   onlineBanking: number; | }; |  | const normalize = (value: any) => |   String(value || """").trim().replace(/\s+/g, "" "").toLowerCase(); |  | const money = (value: any) => { |   const parsed = Number(value || 0); |   return Number.isFinite(parsed) ? parsed : 0; | }; |  | export const isActiveCashMovement = (movement: CashLedgerMovement) => { |   const status = normalize(movement.status || movement.movement_status || ""ACTIVE""); |   return ( |     status === ""active"" && |     !movement.voided_at && |     !movement.void_reason |   ); | }; |  | export const isDrawerTurnoverIn = (movement: CashLedgerMovement) =>"
"cash-ledger.ts","69","export function calculateDrawerLedgerSummary(","  if (type === ""turnover"") return -amount; |  |   return amount; | }; |  | export function calculateDrawerLedgerSummary( |   drawerId: string | null | undefined, |   movements: CashLedgerMovement[], | ): DrawerLedgerSummary { |   const id = String(drawerId || """"); |  |   const rows = (movements || []).filter( |     (movement) => |       String(movement.cash_cash_drawer_id || """") === id && |       isActiveCashMovement(movement), |   ); |  |   const cashRows = rows.filter((movement) => normalize(movement.payment_type || ""Cash"") === ""cash""); |   const gcashRows = rows.filter((movement) => normalize(movement.payment_type) === ""gcash""); |   const bankRows = rows.filter((movement) => normalize(movement.payment_type) === ""bank""); |   const terminalRows = rows.filter((movement) => normalize(movement.payment_type) === ""terminal""); |  |   const openingFloat = cashRows |     .filter((movement) => normalize(movement.movement_type) === ""opening float"") |     .reduce((sum, movement) => sum + Math.abs(money(movement.amount)), 0); |  |   const cashIn = cashRows |     .filter( |       (movement) => |         normalize(movement.movement_type) === ""cash in"" && |         !isDrawerTurnoverIn(movement),"
"cash-ledger.ts","72","): DrawerLedgerSummary {","}; |  | export function calculateDrawerLedgerSummary( |   drawerId: string | null | undefined, |   movements: CashLedgerMovement[], | ): DrawerLedgerSummary { |   const id = String(drawerId || """"); |  |   const rows = (movements || []).filter( |     (movement) => |       String(movement.cash_cash_drawer_id || """") === id && |       isActiveCashMovement(movement), |   ); |  |   const cashRows = rows.filter((movement) => normalize(movement.payment_type || ""Cash"") === ""cash""); |   const gcashRows = rows.filter((movement) => normalize(movement.payment_type) === ""gcash""); |   const bankRows = rows.filter((movement) => normalize(movement.payment_type) === ""bank""); |   const terminalRows = rows.filter((movement) => normalize(movement.payment_type) === ""terminal""); |  |   const openingFloat = cashRows |     .filter((movement) => normalize(movement.movement_type) === ""opening float"") |     .reduce((sum, movement) => sum + Math.abs(money(movement.amount)), 0); |  |   const cashIn = cashRows |     .filter( |       (movement) => |         normalize(movement.movement_type) === ""cash in"" && |         !isDrawerTurnoverIn(movement), |     ) |     .reduce((sum, movement) => sum + Math.abs(money(movement.amount)), 0); | "
"cash-ledger.ts","114","const expectedCash ="," |   const turnoverOut = cashRows |     .filter(isDrawerTurnoverOut) |     .reduce((sum, movement) => sum + Math.abs(money(movement.amount)), 0); |  |   const expectedCash = |     openingFloat + |     cashIn + |     turnoverIn - |     cashOut - |     remittance - |     turnoverOut; |  |   const sumSigned = (items: CashLedgerMovement[]) => |     items.reduce((sum, movement) => sum + getSignedLedgerAmount(movement), 0); |  |   const gcash = sumSigned(gcashRows); |   const bank = sumSigned(bankRows); |   const terminal = sumSigned(terminalRows); |  |   return { |     drawerId: id, |     movements: rows, |  |     openingFloat, |     cashIn, |     cashOut, |     remittance, |     turnoverOut, |     turnoverIn, |     expectedCash,"
"cash-ledger.ts","139","expectedCash,","    cashIn, |     cashOut, |     remittance, |     turnoverOut, |     turnoverIn, |     expectedCash, |  |     gcash, |     bank, |     terminal, |     onlineBanking: gcash + bank + terminal, |   }; | }"
"page.tsx","242","const activeExpectedCash = activeSession"," |   const activeCashSales = activeSession |     ? getSessionCashSales(activeSession.id) |     : 0; |  |   const activeExpectedCash = activeSession |     ? Number(activeSession.opening_cash || 0) + activeCashSales |     : 0; |  |   const totalClosedSessions = sessions.filter( |     (session) => session.status === ""CLOSED"", |   ).length; |  |   async function startSession() { |     setMessage(""""); |  |     if (activeSession) { |       setMessage(""There is already an open POS session. Close it first.""); |       return; |     } |  |     if (!pin.trim()) { |       setMessage(""Enter cashier PIN.""); |       return; |     } |  |     if (!openingCash.trim()) { |       setMessage(""Enter opening cash.""); |       return; |     } | "
"page.tsx","326","const expected = activeExpectedCash;"," |     setLoading(true); |     setMessage(""""); |  |     const actual = Number(closingCash); |     const expected = activeExpectedCash; |     const variance = actual - expected; |  |     const { error } = await supabase |       .from(""pos_sessions"") |       .update({ |         status: ""CLOSED"", |         closed_at: new Date().toISOString(), |         closed_by: activeSession.opened_by, |         expected_cash: expected, |         closing_cash: actual, |         actual_cash: actual, |         variance, |       }) |       .eq(""id"", activeSession.id); |  |     if (error) { |       setLoading(false); |       setMessage(error.message); |       return; |     } |  |     setClosingCash(""""); |     setMessage(""Session closed.""); |     await loadSessions(); |     setLoading(false);"
"page.tsx","363","function getReadExpectedCash(session: PosSession) {"," |   function closeRead() { |     setReadSession(null); |   } |  |   function getReadExpectedCash(session: PosSession) { |     return session.status === ""OPEN"" |       ? Number(session.opening_cash || 0) + getSessionCashSales(session.id) |       : Number(session.expected_cash || 0); |   } |  |   function getReadActualCash(session: PosSession) { |     return Number(session.actual_cash || session.closing_cash || 0); |   } |  |   function getReadVariance(session: PosSession) { |     return session.status === ""OPEN"" |       ? 0 |       : Number( |           session.variance || |             getReadActualCash(session) - getReadExpectedCash(session), |         ); |   } |  |   return ( |     <PageGuard moduleKey=""pos_sessions""> |       <div className=""flex min-h-screen bg-[#F5F7FB] text-slate-900""> |         <Sidebar /> |  |         <main className=""min-w-0 flex-1 overflow-x-hidden bg-[#F5F7FB]""> |           <TopNavbar breadcrumb=""POS / CASHIER SESSIONS"" />"
"page.tsx","378","getReadActualCash(session) - getReadExpectedCash(session),","  function getReadVariance(session: PosSession) { |     return session.status === ""OPEN"" |       ? 0 |       : Number( |           session.variance || |             getReadActualCash(session) - getReadExpectedCash(session), |         ); |   } |  |   return ( |     <PageGuard moduleKey=""pos_sessions""> |       <div className=""flex min-h-screen bg-[#F5F7FB] text-slate-900""> |         <Sidebar /> |  |         <main className=""min-w-0 flex-1 overflow-x-hidden bg-[#F5F7FB]""> |           <TopNavbar breadcrumb=""POS / CASHIER SESSIONS"" /> |  |           <div className=""px-4 pb-8 pt-20 sm:px-6 lg:px-7""> |             <section className=""mb-6 flex flex-col gap-4 lg:flex-row lg:items-end lg:justify-between""> |               <div> |                 <p className=""text-[11px] font-bold uppercase tracking-[0.24em] text-slate-500""> |                   POS |                 </p> |  |                 <h1 className=""mt-2 text-3xl font-black tracking-tight text-slate-950""> |                   Cashier Sessions |                 </h1> |  |                 <p className=""mt-2 max-w-4xl text-sm font-medium text-slate-500""> |                   Open, close, review, and reconcile cashier POS sessions with |                   payment breakdown, order counters, and expected cash"
"page.tsx","454","{peso(activeExpectedCash)}","              <div className=""rounded-3xl border border-blue-200 bg-blue-50 p-5 shadow-sm""> |                 <p className=""text-[11px] font-bold uppercase tracking-[0.18em] text-blue-700""> |                   Expected Cash |                 </p> |                 <p className=""mt-3 text-3xl font-black tracking-tight text-slate-950""> |                   {peso(activeExpectedCash)} |                 </p> |                 <p className=""mt-2 text-xs font-semibold leading-5 text-blue-800""> |                   Opening cash plus paid cash sales. |                 </p> |               </div> |  |               <div className=""rounded-3xl border border-slate-200 bg-white p-5 shadow-sm""> |                 <p className=""text-[11px] font-bold uppercase tracking-[0.18em] text-slate-500""> |                   Closed Sessions |                 </p> |                 <p className=""mt-3 text-3xl font-black tracking-tight text-slate-950""> |                   {totalClosedSessions} |                 </p> |                 <p className=""mt-2 text-xs font-semibold leading-5 text-slate-500""> |                   Total closed POS sessions loaded. |                 </p> |               </div> |             </section> |  |             <section className=""mb-6 grid grid-cols-1 gap-5 xl:grid-cols-[minmax(0,1fr)_420px]""> |               <div className=""rounded-3xl border border-slate-200 bg-white shadow-sm""> |                 <div className=""border-b border-slate-100 p-6""> |                   <p className=""text-[11px] font-bold uppercase tracking-[0.18em] text-slate-500""> |                     Session Control |                   </p>"
"page.tsx","580","value={peso(activeExpectedCash)}","                        value={peso(activeSession.opening_cash)} |                       /> |                       <MiniCard label=""Cash Sales"" value={peso(activeCashSales)} /> |                       <MiniCard |                         label=""Expected Cash"" |                         value={peso(activeExpectedCash)} |                       /> |                     </div> |  |                     <div> |                       <label className=""text-[11px] font-bold uppercase tracking-[0.18em] text-slate-500""> |                         Actual Cash Count |                       </label> |                       <input |                         type=""number"" |                         value={closingCash} |                         onChange={(event) => setClosingCash(event.target.value)} |                         placeholder=""0.00"" |                         className=""mt-2 h-11 w-full rounded-xl border border-slate-300 bg-white px-3 text-sm font-semibold text-slate-800 outline-none focus:border-blue-500 focus:ring-4 focus:ring-blue-500/10"" |                       /> |                     </div> |  |                     <button |                       onClick={() => openRead(activeSession, ""X_READ"")} |                       className=""inline-flex h-11 w-full items-center justify-center gap-2 rounded-xl border border-slate-300 bg-white px-5 text-sm font-bold text-slate-700 transition-all duration-200 hover:bg-slate-50 active:scale-[0.98]"" |                     > |                       View X Read |                     </button> |  |                     <button |                       onClick={closeSession}"
"page.tsx","877","value={peso(getReadExpectedCash(readSession))}","                      label=""Cash Sales"" |                       value={peso(getSessionCashSales(readSession.id))} |                     /> |                     <MiniCard |                       label=""Expected Cash"" |                       value={peso(getReadExpectedCash(readSession))} |                     /> |                     <MiniCard |                       label=""Actual Cash Count"" |                       value={peso(getReadActualCash(readSession))} |                     /> |                     <MiniCard |                       label=""Variance"" |                       value={peso(getReadVariance(readSession))} |                     /> |                   </div> |  |                   <div className=""mt-6 rounded-3xl border border-slate-200 bg-white p-5""> |                     <p className=""text-[11px] font-bold uppercase tracking-[0.18em] text-slate-500""> |                       Payment Breakdown |                     </p> |  |                     <div className=""mt-4 space-y-3""> |                       {getPaymentBreakdown(readSession.id).length === 0 ? ( |                         <p className=""text-sm font-semibold text-slate-500""> |                           No paid transactions. |                         </p> |                       ) : ( |                         getPaymentBreakdown(readSession.id).map((item) => ( |                           <div |                             key={item.payment}"
"page.tsx","2760","const expectedCash = openingCash + cashSales;","    const openingCash = Number(activeSession?.opening_cash || 0); |     const grossSales = sumOrders(activeSales); |     const voidAmount = sumOrders(voidedOrders); |     const refundAmount = sumOrders(refundedOrders); |     const unpaidAmount = sumOrders(unpaidOrders); |     const expectedCash = openingCash + cashSales; |     const actualCash = Number(sessionActualCash || 0); |     const variance = sessionActualCash === """" ? 0 : actualCash - expectedCash; |  |     return { |       activeSalesCount: activeSales.length, |       totalOrders: sessionAuditOrders.length, |       grossSales, |       cashSales, |       gcashSales, |       bankSales, |       terminalSales, |       roomChargeSales, |       otherSales, |       voidCount: voidedOrders.length, |       voidAmount, |       refundCount: refundedOrders.length, |       refundAmount, |       unpaidCount: unpaidOrders.length, |       unpaidAmount, |       openingCash, |       expectedCash, |       actualCash, |       variance, |     }; |   }, [sessionAuditOrders, activeSession?.opening_cash, sessionActualCash]);"
"page.tsx","2762","const variance = sessionActualCash === """" ? 0 : actualCash - expectedCash;","    const voidAmount = sumOrders(voidedOrders); |     const refundAmount = sumOrders(refundedOrders); |     const unpaidAmount = sumOrders(unpaidOrders); |     const expectedCash = openingCash + cashSales; |     const actualCash = Number(sessionActualCash || 0); |     const variance = sessionActualCash === """" ? 0 : actualCash - expectedCash; |  |     return { |       activeSalesCount: activeSales.length, |       totalOrders: sessionAuditOrders.length, |       grossSales, |       cashSales, |       gcashSales, |       bankSales, |       terminalSales, |       roomChargeSales, |       otherSales, |       voidCount: voidedOrders.length, |       voidAmount, |       refundCount: refundedOrders.length, |       refundAmount, |       unpaidCount: unpaidOrders.length, |       unpaidAmount, |       openingCash, |       expectedCash, |       actualCash, |       variance, |     }; |   }, [sessionAuditOrders, activeSession?.opening_cash, sessionActualCash]); |  |   const printSessionAuditSummary = () => {"
"page.tsx","2781","expectedCash,","      refundCount: refundedOrders.length, |       refundAmount, |       unpaidCount: unpaidOrders.length, |       unpaidAmount, |       openingCash, |       expectedCash, |       actualCash, |       variance, |     }; |   }, [sessionAuditOrders, activeSession?.opening_cash, sessionActualCash]); |  |   const printSessionAuditSummary = () => { |     if (typeof window === ""undefined"") return; |  |     const escapeText = (value: string | number | null | undefined) => |       String(value ?? """") |         .replaceAll(""&"", ""&amp;"") |         .replaceAll(""<"", ""&lt;"") |         .replaceAll("">"", ""&gt;"") |         .replaceAll('""', ""&quot;"") |         .replaceAll(""'"", ""&#039;""); |  |     const summary = sessionAuditSummary; |     const printedAt = new Date().toLocaleString(""en-PH"", { |       month: ""short"", |       day: ""2-digit"", |       year: ""numeric"", |       hour: ""2-digit"", |       minute: ""2-digit"", |     }); | "
"page.tsx","2849","<div class=""row strong""><span>EXPECTED CASH</span><span>${escapeText(peso(summary.expectedCash))}</span></div>","            <div class=""row""><span>BANK</span><span>${escapeText(peso(summary.bankSales))}</span></div> |             <div class=""row""><span>TERMINAL</span><span>${escapeText(peso(summary.terminalSales))}</span></div> |             <div class=""row""><span>ROOM/OTHER</span><span>${escapeText(peso(summary.roomChargeSales + summary.otherSales))}</span></div> |             <div class=""divider""></div> |             <div class=""row""><span>OPENING CASH</span><span>${escapeText(peso(summary.openingCash))}</span></div> |             <div class=""row strong""><span>EXPECTED CASH</span><span>${escapeText(peso(summary.expectedCash))}</span></div> |             <div class=""row""><span>ACTUAL CASH</span><span>${escapeText(sessionActualCash === """" ? ""-"" : peso(summary.actualCash))}</span></div> |             <div class=""row""><span>VARIANCE</span><span>${escapeText(sessionActualCash === """" ? ""-"" : peso(summary.variance))}</span></div> |             ${sessionVarianceReason.trim() ? `<div class=""divider""></div><div>VARIANCE REASON:</div><div>${escapeText(sessionVarianceReason.trim())}</div>` : """"} |             <div class=""divider""></div> |             <div class=""row""><span>VOIDS</span><span>${escapeText(summary.voidCount)} / ${escapeText(peso(summary.voidAmount))}</span></div> |             <div class=""row""><span>REFUNDS</span><span>${escapeText(summary.refundCount)} / ${escapeText(peso(summary.refundAmount))}</span></div> |             <div class=""row""><span>UNPAID</span><span>${escapeText(summary.unpaidCount)} / ${escapeText(peso(summary.unpaidAmount))}</span></div> |             <div class=""divider""></div> |             <div class=""footer"">PRINTED FROM OPSCORE POS</div> |           </main> |           <script>window.onload = function () { window.focus(); window.print(); };</script> |         </body> |       </html> |     `; |  |     const iframe = document.createElement(""iframe""); |     iframe.style.position = ""fixed""; |     iframe.style.right = ""0""; |     iframe.style.bottom = ""0""; |     iframe.style.width = ""0""; |     iframe.style.height = ""0""; |     iframe.style.border = ""0""; |     document.body.appendChild(iframe); |  |     const iframeDocument ="
"page.tsx","3687","{peso(sessionAuditSummary.expectedCash)}","                  <div className=""rounded-2xl bg-white/[0.04] p-4 ring-1 ring-white/10""> |                     <p className=""text-[10px] font-black uppercase tracking-[0.18em] text-slate-500""> |                       Expected Cash |                     </p> |                     <p className=""mt-2 text-2xl font-black text-white""> |                       {peso(sessionAuditSummary.expectedCash)} |                     </p> |                     <p className=""mt-1 text-[10px] font-bold uppercase text-slate-500""> |                       Opening + cash sales |                     </p> |                   </div> |                 </div> |  |                 <div className=""mt-4 grid grid-cols-2 gap-3""> |                   <div className=""rounded-2xl border border-white/10 bg-black/20 p-4""> |                     <p className=""text-[10px] font-black uppercase tracking-[0.2em] text-slate-500""> |                       Payment Breakdown |                     </p> |                     <div className=""mt-3 space-y-2 text-sm font-bold""> |                       <div className=""flex justify-between""> |                         <span className=""text-slate-400"">Cash</span> |                         <span className=""text-white""> |                           {peso(sessionAuditSummary.cashSales)} |                         </span> |                       </div> |                       <div className=""flex justify-between""> |                         <span className=""text-slate-400"">GCash</span> |                         <span className=""text-white""> |                           {peso(sessionAuditSummary.gcashSales)} |                         </span> |                       </div>"
"page.tsx","3848","{peso(sessionAuditSummary.expectedCash)}","                    <div className=""flex items-center justify-between""> |                       <span className=""text-xs font-black uppercase text-white""> |                         Expected Cash |                       </span> |                       <span className=""text-xl font-black text-[#f5c400]""> |                         {peso(sessionAuditSummary.expectedCash)} |                       </span> |                     </div> |                   </div> |                 </div> |  |                 <label className=""mt-5 text-[10px] font-black uppercase tracking-[0.2em] text-slate-500""> |                   Actual Cash Count |                 </label> |                 <input |                   type=""number"" |                   value={sessionActualCash} |                   onChange={(event) => setSessionActualCash(event.target.value)} |                   placeholder=""Enter counted cash"" |                   className=""mt-2 h-13 min-h-[52px] rounded-xl border border-white/10 bg-[#05080d] px-4 text-xl font-black text-white outline-none placeholder:text-slate-700 focus:border-violet-300/50"" |                 /> |  |                 <div className=""mt-4 rounded-2xl border border-white/10 bg-white/[0.04] p-4""> |                   <p className=""text-[10px] font-black uppercase tracking-[0.18em] text-slate-500""> |                     Variance |                   </p> |                   <p |                     className={`mt-2 text-3xl font-black ${sessionActualCash === """" ? ""text-slate-500"" : Math.abs(sessionAuditSummary.variance) < 0.01 ? ""text-emerald-200"" : ""text-red-200""}`} |                   > |                     {sessionActualCash === """" |                       ? ""-"""
